{
    "eval": {
        "similarity_distribution": {
            "same_person_mean": 0.282046,
            "same_person_std": 0.164124,
            "diff_person_mean": 0.148676,
            "diff_person_std": 0.114408
        },
        "metrics": {
            "accuracy": 0.676955,
            "f1": 0.077638,
            "precision": 0.04118,
            "recall": 0.677023,
            "far": 0.323046,
            "frr": 0.322977,
            "eer": 0.32322
        },
        "threshold": 0.194836
    },
    "test": {
        "metrics": {
            "accuracy": 0.588022,
            "f1": 0.073926,
            "precision": 0.038715,
            "recall": 0.816724,
            "far": 0.416678,
            "frr": 0.183276,
            "eer": 0.273424
        },
        "similarity_distribution": {
            "same_person_mean": 0.351903,
            "same_person_std": 0.165881,
            "diff_person_mean": 0.179661,
            "diff_person_std": 0.114449
        }
    }
}