{"eval": {"similarity_distribution": {"same_person_mean": 0.296297, "same_person_std": 0.160423, "diff_person_mean": 0.085703, "diff_person_std": 0.090743}, "metrics": {"accuracy": 0.803513, "f1": 0.141174, "precision": 0.077386, "recall": 0.8034, "far": 0.196484, "frr": 0.1966, "eer": 0.196817}, "threshold": 0.156626}, "test": {"metrics": {"accuracy": 0.833884, "f1": 0.162164, "precision": 0.09023, "recall": 0.799763, "far": 0.165416, "frr": 0.200237, "eer": 0.185419}, "similarity_distribution": {"same_person_mean": 0.291086, "same_person_std": 0.156377, "diff_person_mean": 0.078519, "diff_person_std": 0.084687}}}