{"eval": {"similarity_distribution": {"same_person_mean": 0.353044, "same_person_std": 0.163064, "diff_person_mean": 0.190973, "diff_person_std": 0.118811}, "metrics": {"accuracy": 0.714474, "f1": 0.091712, "precision": 0.049001, "recall": 0.714389, "far": 0.285524, "frr": 0.285611, "eer": 0.285679}, "threshold": 0.253077}, "test": {"metrics": {"accuracy": 0.750521, "f1": 0.102404, "precision": 0.055201, "recall": 0.706838, "far": 0.248582, "frr": 0.293162, "eer": 0.273424}, "similarity_distribution": {"same_person_mean": 0.351903, "same_person_std": 0.165881, "diff_person_mean": 0.179661, "diff_person_std": 0.114449}}}