{
    "eval": {
        "similarity_distribution": {
            "same_person_mean": 0.00804,
            "same_person_std": 0.005714,
            "diff_person_mean": 0.001305,
            "diff_person_std": 0.001742
        },
        "metrics": {
            "accuracy": 0.884348,
            "f1": 0.234561,
            "precision": 0.13527,
            "recall": 0.881884,
            "far": 0.115602,
            "frr": 0.118116,
            "eer": 0.11908
        },
        "threshold": 0.003071
    },
    "test": {
        "metrics": {
            "accuracy": 0.901495,
            "f1": 0.263465,
            "precision": 0.155058,
            "recall": 0.875704,
            "far": 0.097976,
            "frr": 0.124296,
            "eer": 0.113309
        },
        "similarity_distribution": {
            "same_person_mean": 0.008219,
            "same_person_std": 0.005833,
            "diff_person_mean": 0.00119,
            "diff_person_std": 0.001674
        }
    }
}