{"eval": {"similarity_distribution": {"same_person_mean": 0.008314, "same_person_std": 0.005776, "diff_person_mean": 0.00344, "diff_person_std": 0.002851}, "metrics": {"accuracy": 0.779394, "f1": 0.124498, "precision": 0.067662, "recall": 0.778063, "far": 0.220579, "frr": 0.221937, "eer": 0.222624}, "threshold": 0.004781}, "test": {"metrics": {"accuracy": 0.814038, "f1": 0.143163, "precision": 0.078904, "recall": 0.771369, "far": 0.185085, "frr": 0.228631, "eer": 0.209475}, "similarity_distribution": {"same_person_mean": 0.008287, "same_person_std": 0.0056, "diff_person_mean": 0.003155, "diff_person_std": 0.002676}}}