{"eval": {"similarity_distribution": {"same_person_mean": 1.338165, "same_person_std": 0.152475, "diff_person_mean": 1.336664, "diff_person_std": 0.154359}, "metrics": {"accuracy": 0.501915, "f1": 0.03906, "precision": 0.02032, "recall": 0.50205, "far": 0.498088, "frr": 0.49795, "eer": 0.498042}, "threshold": 1.352081}, "test": {"metrics": {"accuracy": 0.458384, "f1": 0.038684, "precision": 0.020058, "recall": 0.541953, "far": 0.543331, "frr": 0.458047, "eer": 0.500404}, "similarity_distribution": {"same_person_mean": 1.350581, "same_person_std": 0.151301, "diff_person_mean": 1.351112, "diff_person_std": 0.149607}}}