{"eval": {"similarity_distribution": {"same_person_mean": 0.0082, "same_person_std": 0.005887, "diff_person_mean": 0.00778, "diff_person_std": 0.005142}, "metrics": {"accuracy": 0.447743, "f1": 0.040571, "precision": 0.021023, "recall": 0.577938, "far": 0.554942, "frr": 0.422062, "eer": 0.490033}, "threshold": 0.006329}, "test": {"metrics": {"accuracy": 0.392861, "f1": 0.040152, "precision": 0.020736, "recall": 0.631045, "far": 0.612031, "frr": 0.368955, "eer": 0.488187}, "similarity_distribution": {"same_person_mean": 0.008781, "same_person_std": 0.00602, "diff_person_mean": 0.008424, "diff_person_std": 0.005489}}}